model,RMSE,MAE,R2,Adj_R2,MAPE_pct,Explained_Var
Linear Regression,0.6123729658490397,0.41805513242320347,0.7138293040344152,0.7103197296419013,23.96049437482495,0.7167309766211886
Ridge (RidgeCV),0.6157689977668921,0.4239041898436636,0.7106464738055712,0.7070978654391937,24.23505320706879,0.7141286633545316
Lasso (LassoCV),0.6254035712552298,0.43191714315449925,0.7015209499984882,0.697860426942301,24.817183903368008,0.7058398563535433
Elastic Net (ElasticNetCV),0.6254035712552298,0.43191714315449925,0.7015209499984882,0.697860426942301,24.817183903368008,0.7058398563535433
XGBoost (tuned),0.4864020259325389,0.31519643214027276,0.8194556548682428,0.8172414735445764,17.264398280599604,0.8205964040119598
HuberRegressor (robust),0.6164991756841837,0.415730696783666,0.7099598370201281,0.7064028077954547,23.199763732197432,0.7152388874734881
