column,n_iqr,pct_iqr,n_zscore_gt3,pct_zscore
MedInc,529,3.203730620155039,273,1.6533430232558142
HouseAge,0,0.0,0,0.0
AveRooms,410,2.4830426356589146,109,0.6601259689922481
AveBedrms,1153,6.9828003875969,128,0.7751937984496124
Population,955,5.7836724806201545,267,1.6170058139534884
AveOccup,582,3.5247093023255816,6,0.036337209302325583
Latitude,0,0.0,0,0.0
Longitude,0,0.0,0,0.0
MedHouseVal,870,5.2688953488372094,0,0.0
